고시날짜,내가 살 때(순금 3.75g),내가 팔 때(순금 3.75g),내가 팔 때(18K),내가 팔 때(14K)
2026-05-15 11:37:09,975000,810000,595400,461700
2026-05-15 09:49:11,977000,815000,599100,464600
2026-05-14 17:01:48,988000,819000,602000,466900
2026-05-14 13:45:05,989000,821000,603500,468000
2026-05-14 13:42:00,990000,817000,600500,465700
2026-05-14 09:43:04,985000,817000,600500,465700
2026-05-14 09:42:19,985000,817000,600500,465700
2026-05-14 09:35:59,986000,819000,602000,466900
2026-05-13 14:36:02,988000,821000,603500,468000
2026-05-13 09:39:54,995000,823000,605000,469200
2026-05-12 14:18:15,987000,821000,603500,468000
2026-05-12 11:13:11,993000,821000,603500,468000
2026-05-12 09:50:52,993000,819000,602000,466900
2026-05-12 09:49:40,993000,818000,601300,466300
2026-05-11 14:58:19,968000,810000,595400,461700
2026-05-11 10:39:43,975000,815000,599100,464600
2026-05-11 09:44:42,970000,812000,596900,462900
2026-05-09 08:36:13,971000,814000,598300,464000
2026-05-08 15:19:15,978000,816000,599800,465200
2026-05-08 11:12:06,975000,816000,599800,465200
2026-05-08 09:40:22,970000,811000,596100,462300
2026-05-07 15:46:55,969000,806000,592500,459500
2026-05-07 11:04:42,963000,806000,592500,459500
2026-05-07 09:48:53,959000,802000,589500,457200
2026-05-07 09:48:09,959000,803000,590300,457800
2026-05-06 15:56:05,957000,799000,587300,455500
2026-05-06 14:37:16,953000,799000,587300,455500
2026-05-06 10:44:40,949000,793000,582900,452100
2026-05-06 09:53:12,947000,793000,582900,452100
2026-05-05 16:36:55,947000,785000,577000,447500
2026-05-05 15:05:10,945000,785000,577000,447500
2026-05-05 10:34:54,944000,785000,577000,447500
2026-05-05 09:38:48,941000,785000,577000,447500
2026-05-04 15:47:16,955000,794000,583600,452600
2026-05-04 09:44:58,955000,795000,584400,453200
2026-05-04 09:42:28,955000,794000,583600,452600
2026-05-02 07:18:26,957000,796000,585100,453800
2026-05-01 15:50:54,960000,796000,585100,453800
2026-05-01 09:42:21,960000,800000,588000,456000
2026-04-30 16:01:40,961000,797000,585800,454300
2026-04-30 13:56:51,954000,797000,585800,454300
2026-04-30 13:56:31,954000,799000,587300,455500
2026-04-30 12:44:53,954000,799000,587300,455500
2026-04-30 10:44:39,959000,803000,590300,457800
2026-04-30 09:34:35,955000,799000,587300,455500
2026-04-29 16:46:23,952000,797000,585800,454300
2026-04-29 11:30:51,957000,800000,588000,456000
2026-04-29 09:38:21,955000,800000,588000,456000
2026-04-28 14:48:42,960000,805000,591700,458900
2026-04-28 12:50:27,975000,812000,596900,462900
2026-04-28 09:38:16,975000,817000,600500,465700
2026-04-27 15:32:03,980000,819000,602000,466900
2026-04-27 13:16:13,980000,821000,603500,468000
2026-04-27 10:07:30,977000,816000,599800,465200
2026-04-27 09:40:09,974000,816000,599800,465200
2026-04-25 08:33:41,980000,820000,602700,467400
2026-04-24 14:04:43,976000,816000,599800,465200
2026-04-24 14:03:27,976000,815000,599100,464600
2026-04-24 13:27:11,974000,816000,599800,465200
2026-04-24 11:29:21,983000,819000,602000,466900
2026-04-24 09:32:26,983000,823000,605000,469200
2026-04-23 12:08:16,988000,824000,605700,469700
2026-04-23 09:38:36,988000,826000,607200,470900
2026-04-22 12:50:21,993000,830000,610100,473100
2026-04-22 11:13:49,991000,830000,610100,473100
2026-04-22 11:13:25,991000,831000,610800,473700
2026-04-22 09:56:19,987000,827000,607900,471400
2026-04-22 09:56:15,986000,826000,607200,470900
2026-04-21 15:43:44,989000,829000,609400,472600
2026-04-21 13:57:58,993000,832000,611600,474300
2026-04-21 13:57:19,993000,831000,610800,473700
2026-04-21 11:33:58,996000,835000,613800,476000
2026-04-21 11:33:34,996000,834000,613000,475400
2026-04-21 09:37:07,1000000,837000,615200,477100
2026-04-21 09:36:40,1000000,838000,616000,477700
2026-04-20 10:27:24,998000,834000,613000,475400
2026-04-20 09:48:21,990000,828000,608600,472000
2026-04-18 09:36:14,999000,834000,613000,475400
2026-04-18 08:39:18,999000,834000,613000,475400
2026-04-17 10:33:00,1000000,834000,613000,475400
2026-04-17 09:39:33,1000000,836000,614500,476600
2026-04-17 09:39:32,1000000,836000,614500,476600
2026-04-17 09:32:52,1000000,837000,615200,477100
2026-04-16 15:47:50,1002000,837000,615200,477100
2026-04-16 13:13:41,1000000,837000,615200,477100
2026-04-16 13:11:15,999000,838000,616000,477700
2026-04-16 09:50:54,1005000,838000,616000,477700
2026-04-15 11:13:56,1006000,838000,616000,477700
2026-04-15 09:40:04,1003000,838000,616000,477700
2026-04-14 10:53:42,997000,831000,610800,473700
2026-04-14 10:52:14,997000,832000,611600,474300
2026-04-14 09:30:56,993000,830000,610100,473100
2026-04-13 11:36:05,992000,829000,609400,472600
2026-04-13 11:34:06,992000,830000,610100,473100
2026-04-13 10:18:25,989000,825000,606400,470300
2026-04-13 09:38:39,985000,825000,606400,470300
2026-04-11 09:17:10,994000,828000,608600,472000
2026-04-11 09:13:13,994000,833000,612300,474900
2026-04-10 12:48:40,994000,830000,610100,473100
2026-04-10 09:45:54,991000,830000,610100,473100
2026-04-09 09:44:13,984000,823000,605000,469200
2026-04-08 09:34:47,1004000,833000,612300,474900
2026-04-07 09:41:52,990000,824000,605700,469700
2026-04-06 17:42:35,992000,824000,605700,469700
2026-04-06 11:29:30,989000,824000,605700,469700
2026-04-06 11:28:04,989000,825000,606400,470300
2026-04-06 09:41:14,982000,818000,601300,466300
2026-04-04 08:45:18,996000,829000,609400,472600
2026-04-03 12:39:48,995000,829000,609400,472600
2026-04-03 11:27:20,995000,824000,605700,469700
2026-04-03 09:43:48,993000,824000,605700,469700
2026-04-02 15:17:22,986000,824000,605700,469700
2026-04-02 15:17:20,986000,824000,605700,469700
2026-04-02 14:59:44,986000,828000,608600,472000
2026-04-02 10:39:07,1005000,835000,613800,476000
2026-04-02 10:38:19,1005000,836000,614500,476600
2026-04-02 09:37:58,1021000,844000,620400,481100
2026-04-01 17:17:15,1002000,830000,610100,473100
2026-04-01 09:44:35,999000,830000,610100,473100
2026-03-31 10:36:07,984000,826000,607200,470900
2026-03-31 09:39:27,975000,815000,599100,464600
2026-03-30 16:51:24,968000,820000,602700,467400
2026-03-30 15:05:28,966000,815000,599100,464600
2026-03-30 15:04:23,966000,816000,599800,465200
2026-03-30 12:15:58,959000,810000,595400,461700
2026-03-30 10:51:30,953000,807000,593200,460000
2026-03-30 09:44:19,946000,807000,593200,460000
2026-03-28 08:43:18,955000,802000,589500,457200
2026-03-27 14:55:50,947000,800000,588000,456000
2026-03-27 13:38:50,943000,800000,588000,456000
2026-03-27 11:08:49,940000,789000,580000,449800
2026-03-27 09:46:32,934000,786000,577800,448100
2026-03-26 17:41:03,948000,800000,588000,456000
2026-03-26 14:55:12,948000,803000,590300,457800
2026-03-26 14:54:20,948000,810000,595400,461700
2026-03-26 09:49:56,963000,810000,595400,461700
2026-03-25 10:46:29,965000,807000,593200,460000
2026-03-25 09:49:13,961000,798000,586600,454900
2026-03-24 16:06:10,927000,772000,567500,440100
2026-03-24 09:47:47,922000,772000,567500,440100
2026-03-23 17:36:31,907000,743000,546200,423600
2026-03-23 16:50:10,899000,743000,546200,423600
2026-03-23 16:42:50,894000,743000,546200,423600
2026-03-23 16:37:18,885000,743000,546200,423600
2026-03-23 16:11:56,885000,748000,549800,426400
2026-03-23 15:52:32,926000,760000,558600,433200
2026-03-23 15:24:23,926000,770000,566000,438900
2026-03-23 15:02:35,926000,780000,573300,444600
2026-03-23 12:17:22,926000,783000,575600,446400
2026-03-23 11:37:28,942000,783000,575600,446400
2026-03-23 10:48:00,942000,790000,580700,450300
2026-03-21 08:38:25,975000,801000,588800,456600
2026-03-20 17:20:46,995000,829000,609400,472600
2026-03-20 16:11:25,987000,829000,609400,472600
2026-03-20 14:02:23,997000,829000,609400,472600
2026-03-20 12:50:56,997000,833000,612300,474900
2026-03-20 12:11:20,995000,818000,601300,466300
2026-03-20 11:53:51,988000,818000,601300,466300
2026-03-20 11:16:20,988000,807000,593200,460000
2026-03-20 09:45:04,977000,807000,593200,460000
2026-03-19 17:53:05,1001000,828000,608600,472000
2026-03-19 17:23:29,1001000,833000,612300,474900
2026-03-19 17:23:03,1001000,834000,613000,475400
2026-03-19 17:16:08,998000,835000,613800,476000
2026-03-19 13:13:14,1024000,848000,623300,483400
2026-03-19 12:05:43,1024000,840000,617400,478800
2026-03-19 09:39:44,1024000,853000,627000,486300
2026-03-18 15:58:46,1048000,866000,636600,493700
2026-03-18 15:58:01,1048000,865000,635800,493100
2026-03-18 14:09:42,1045000,860000,632100,490200
2026-03-18 09:41:08,1049000,866000,636600,493700
2026-03-17 11:13:11,1056000,866000,636600,493700
2026-03-17 09:46:51,1052000,863000,634400,492000
2026-03-16 09:44:57,1058000,863000,634400,492000
2026-03-14 08:55:18,1062000,867000,637300,494200
2026-03-13 14:42:41,1072000,873000,641700,497700
2026-03-13 10:42:56,1072000,878000,645400,500500
2026-03-13 09:38:29,1072000,873000,641700,497700
2026-03-12 15:42:55,1079000,880000,646800,501600
2026-03-12 13:37:25,1075000,878000,645400,500500
2026-03-12 09:46:01,1075000,873000,641700,497700
2026-03-11 15:04:28,1073000,883000,649100,503400
2026-03-11 12:45:01,1077000,887000,652000,505600
2026-03-11 12:45:00,1077000,887000,652000,505600
2026-03-11 09:34:57,1077000,886000,651300,505100
2026-03-10 12:36:48,1073000,885000,650500,504500
2026-03-10 11:22:45,1073000,878000,645400,500500
2026-03-10 10:29:45,1070000,878000,645400,500500
2026-03-10 10:07:21,1063000,878000,645400,500500
2026-03-10 09:30:45,1063000,875000,643200,498800
2026-03-09 15:18:33,1077000,878000,645400,500500
2026-03-09 12:41:41,1072000,874000,642400,498200
2026-03-09 11:05:44,1068000,874000,642400,498200
2026-03-09 09:40:11,1064000,874000,642400,498200
2026-03-07 08:26:08,1080000,881000,647600,502200
2026-03-06 17:00:16,1060000,873000,641700,497700
2026-03-06 11:13:49,1068000,871000,640200,496500
2026-03-06 09:53:16,1060000,867000,637300,494200
2026-03-05 16:53:40,1066000,876000,643900,499400
2026-03-05 16:52:50,1066000,876000,643900,499400
2026-03-05 12:25:38,1071000,876000,643900,499400
2026-03-05 11:03:11,1067000,874000,642400,498200
2026-03-05 09:56:26,1063000,871000,640200,496500
2026-03-05 09:55:49,1063000,870000,639500,495900
2026-03-04 13:01:40,1076000,877000,644600,499900
2026-03-04 13:00:20,1076000,877000,644600,499900
2026-03-04 09:48:22,1069000,877000,644600,499900
2026-03-03 17:08:01,1104000,896000,658600,510800
2026-03-03 16:12:22,1096000,896000,658600,510800
2026-03-03 16:03:51,1096000,900000,661500,513000
2026-03-03 09:47:05,1105000,900000,661500,513000
2026-03-02 09:35:53,1100000,887000,652000,505600
2026-02-28 09:08:56,1063000,870000,639500,495900
2026-02-27 15:44:10,1052000,862000,633600,491400
2026-02-27 09:56:24,1047000,862000,633600,491400
2026-02-26 09:46:13,1041000,861000,632900,490800
2026-02-25 12:36:45,1049000,861000,632900,490800
2026-02-25 09:48:27,1045000,861000,632900,490800
2026-02-24 17:21:30,1054000,861000,632900,490800
2026-02-24 16:20:16,1054000,854000,627700,486800
2026-02-24 10:39:43,1065000,868000,638000,494800
2026-02-24 09:52:25,1065000,878000,645400,500500
2026-02-24 09:51:50,1065000,879000,646100,501100
2026-02-23 16:37:05,1042000,869000,638800,495400
2026-02-23 16:21:59,1052000,869000,638800,495400
2026-02-23 12:45:39,1052000,876000,643900,499400
2026-02-23 10:00:58,1045000,871000,640200,496500
2026-02-23 10:00:58,1045000,871000,640200,496500
2026-02-23 09:59:51,1045000,870000,639500,495900
2026-02-21 08:34:55,1040000,863000,634400,492000
2026-02-20 17:57:50,1027000,856000,629200,488000
2026-02-20 15:41:10,1024000,856000,629200,488000
2026-02-20 09:42:57,1020000,856000,629200,488000
2026-02-20 09:42:56,1020000,856000,629200,488000
2026-02-20 09:42:21,1020000,857000,629900,488500
2026-02-19 14:33:15,1021000,855000,628500,487400
2026-02-19 13:56:42,1017000,855000,628500,487400
2026-02-19 11:00:04,1017000,851000,625500,485100
2026-02-19 10:58:00,1015000,851000,625500,485100
2026-02-19 09:45:43,1015000,845000,621100,481700
2026-02-18 16:14:50,1005000,829000,609400,472600
2026-02-18 12:06:05,1000000,829000,609400,472600
2026-02-18 09:38:34,992000,829000,609400,472600
2026-02-17 09:46:35,1011000,840000,617400,478800
2026-02-17 09:46:07,1011000,841000,618200,479400
2026-02-16 09:39:44,1020000,844000,620400,481100
2026-02-14 09:31:11,1024000,844000,620400,481100
2026-02-13 12:27:48,1014000,841000,618200,479400
2026-02-13 10:52:57,1014000,831000,610800,473700
2026-02-13 09:56:38,1004000,831000,610800,473700
2026-02-13 09:53:21,1004000,843000,619700,480600
2026-02-13 09:51:06,1004000,843000,619700,480600
2026-02-12 09:43:09,1033000,857000,629900,488500
2026-02-11 12:37:44,1037000,857000,629900,488500
2026-02-11 09:46:01,1035000,860000,632100,490200
2026-02-10 16:02:51,1036000,860000,632100,490200
2026-02-10 16:02:09,1036000,861000,632900,490800
2026-02-10 16:01:18,1036000,861000,632900,490800
2026-02-10 16:01:17,1036000,861000,632900,490800
2026-02-10 11:06:30,1036000,864000,635100,492500
2026-02-10 09:41:18,1030000,864000,635100,492500
2026-02-10 09:40:35,1030000,863000,634400,492000
2026-02-09 16:22:29,1037000,867000,637300,494200
2026-02-09 14:49:50,1037000,870000,639500,495900
2026-02-09 12:12:40,1037000,865000,635800,493100
2026-02-09 09:49:53,1033000,865000,635800,493100
2026-02-07 08:32:34,1023000,847000,622600,482800
2026-02-06 15:15:15,1009000,837000,615200,477100
2026-02-06 12:04:44,1000000,837000,615200,477100
2026-02-06 11:09:56,992000,825000,606400,470300
2026-02-06 09:52:34,987000,825000,606400,470300
2026-02-06 09:51:20,987000,825000,606400,470300
2026-02-05 15:14:15,1016000,837000,615200,477100
2026-02-05 14:51:35,1012000,837000,615200,477100
2026-02-05 12:43:35,1006000,837000,615200,477100
2026-02-05 12:04:55,1026000,837000,615200,477100
2026-02-05 10:52:12,1026000,856000,629200,488000
2026-02-05 10:23:20,1033000,856000,629200,488000
2026-02-05 09:49:57,1033000,873000,641700,497700
2026-02-04 14:01:47,1038000,872000,641000,497100
2026-02-04 11:08:00,1034000,858000,630700,489100
2026-02-04 10:21:36,1030000,858000,630700,489100
2026-02-04 09:56:52,1027000,858000,630700,489100
2026-02-04 09:52:47,1023000,858000,630700,489100
2026-02-03 17:43:01,1006000,842000,618900,480000
2026-02-03 16:45:31,998000,842000,618900,480000
2026-02-03 15:39:50,993000,833000,612300,474900
2026-02-03 11:12:02,982000,822000,604200,468600
2026-02-03 09:56:03,978000,815000,599100,464600
2026-02-02 17:00:11,943000,780000,573300,444600
2026-02-02 15:22:55,936000,780000,573300,444600
2026-02-02 15:18:01,936000,784000,576300,446900
2026-02-02 15:15:55,936000,788000,579200,449200
2026-02-02 14:48:42,982000,788000,579200,449200
2026-02-02 10:33:02,982000,804000,591000,458300
2026-02-02 10:13:52,982000,815000,599100,464600
2026-02-02 09:50:45,982000,835000,613800,476000
2026-02-02 09:47:14,982000,835000,613800,476000
2026-02-02 09:46:43,982000,836000,614500,476600
2026-01-31 15:44:08,995000,836000,614500,476600
2026-01-31 08:57:08,995000,853000,627000,486300
2026-01-31 08:53:05,995000,835000,613800,476000
2026-01-31 08:51:54,995000,835000,613800,476000
2026-01-31 08:33:11,995000,835000,613800,476000
2026-01-31 08:08:12,995000,835000,613800,476000
2026-01-30 17:39:53,1047000,864000,635100,492500
2026-01-30 17:18:30,1047000,879000,646100,501100
2026-01-30 17:15:03,1059000,879000,646100,501100
2026-01-30 16:00:21,1059000,888000,652700,506200
2026-01-30 14:40:26,1059000,890000,654200,507300
2026-01-30 13:55:47,1054000,884000,649800,503900
2026-01-30 11:45:51,1061000,876000,643900,499400
2026-01-30 11:41:35,1058000,876000,643900,499400
2026-01-30 11:24:00,1082000,876000,643900,499400
2026-01-30 11:13:01,1082000,898000,660100,511900
2026-01-30 10:53:54,1082000,913000,671100,520500
2026-01-30 10:12:05,1094000,913000,671100,520500
2026-01-30 09:54:21,1094000,923000,678500,526200
2026-01-30 09:51:53,1094000,924000,679200,526700
2026-01-29 15:19:48,1121000,934000,686500,532400
2026-01-29 12:09:54,1115000,929000,682900,529600
2026-01-29 10:59:25,1115000,923000,678500,526200
2026-01-29 10:47:51,1115000,906000,666000,516500
2026-01-29 10:46:56,1115000,907000,666700,517000
2026-01-29 10:45:59,1114000,905000,665200,515900
2026-01-29 09:51:30,1108000,897000,659300,511300
2026-01-28 17:43:03,1064000,884000,649800,503900
2026-01-28 17:41:46,1065000,884000,649800,503900
2026-01-28 13:46:30,1054000,875000,643200,498800
2026-01-28 12:19:59,1054000,879000,646100,501100
2026-01-28 09:58:21,1044000,868000,638000,494800
2026-01-27 15:04:56,1037000,863000,634400,492000
2026-01-27 10:49:58,1034000,863000,634400,492000
2026-01-27 09:56:26,1028000,863000,634400,492000
2026-01-27 09:48:29,1028000,864000,635100,492500
2026-01-26 16:18:00,1034000,864000,635100,492500
2026-01-26 14:16:30,1032000,858000,630700,489100
2026-01-26 12:09:39,1032000,866000,636600,493700
2026-01-26 09:44:36,1031000,861000,632900,490800
2026-01-24 07:52:58,1015000,846000,621900,482300
2026-01-23 16:15:30,1025000,853000,627000,486300
2026-01-23 12:38:49,1024000,853000,627000,486300
2026-01-23 11:17:38,1024000,857000,629900,488500
2026-01-23 09:48:48,1024000,846000,621900,482300
2026-01-22 15:52:30,999000,835000,613800,476000
2026-01-22 15:44:10,999000,832000,611600,474300
2026-01-22 11:33:47,993000,832000,611600,474300
2026-01-22 10:51:56,993000,835000,613800,476000
2026-01-22 09:41:39,989000,830000,610100,473100
2026-01-21 16:16:07,1009000,840000,617400,478800
2026-01-21 14:38:40,1009000,843000,619700,480600
2026-01-21 14:15:13,1007000,840000,617400,478800
2026-01-21 12:54:06,1003000,839000,616700,478300
2026-01-21 11:21:38,1003000,835000,613800,476000
2026-01-21 11:08:11,1003000,830000,610100,473100
2026-01-21 11:08:10,1003000,830000,610100,473100
2026-01-21 11:06:31,1003000,831000,610800,473700
2026-01-21 09:46:37,998000,825000,606400,470300
2026-01-20 15:03:15,981000,818000,601300,466300
2026-01-20 14:31:21,977000,818000,601300,466300
2026-01-20 14:03:12,977000,815000,599100,464600
2026-01-20 10:42:18,973000,815000,599100,464600
2026-01-20 09:50:59,969000,811000,596100,462300
2026-01-20 09:50:28,969000,817000,600500,465700
2026-01-19 09:37:17,971000,807000,593200,460000
2026-01-17 08:18:17,954000,798000,586600,454900
2026-01-16 10:11:45,955000,801000,588800,456600
2026-01-16 09:54:06,955000,804000,591000,458300
2026-01-15 10:39:41,954000,799000,587300,455500
2026-01-15 09:46:21,954000,803000,590300,457800
2026-01-14 13:16:30,964000,804000,591000,458300
2026-01-14 09:47:57,958000,804000,591000,458300
2026-01-13 09:51:23,952000,798000,586600,454900
2026-01-12 14:59:10,948000,794000,583600,452600
2026-01-12 14:07:48,946000,794000,583600,452600
2026-01-12 09:50:34,944000,785000,577000,447500
2026-01-10 08:35:16,926000,781000,574100,445200
2026-01-09 14:44:01,917000,774000,568900,441200
2026-01-09 09:36:36,914000,774000,568900,441200
2026-01-09 09:36:18,913000,774000,568900,441200
2026-01-09 09:35:14,913000,773000,568200,440700
2026-01-08 11:41:12,906000,772000,567500,440100
2026-01-08 11:38:37,906000,774000,568900,441200
2026-01-08 09:48:58,908000,776000,570400,442400
2026-01-08 09:48:52,908000,776000,570400,442400
2026-01-08 09:48:03,908000,776000,570400,442400
2026-01-08 09:47:14,907000,775000,569700,441800
2026-01-07 13:33:09,911000,777000,571100,442900
2026-01-07 09:44:50,917000,780000,573300,444600
2026-01-06 11:43:05,907000,777000,571100,442900
2026-01-06 09:41:34,904000,777000,571100,442900
2026-01-06 09:40:34,904000,776000,570400,442400
2026-01-05 12:38:49,899000,768000,564500,437800
2026-01-05 12:21:06,901000,768000,564500,437800
2026-01-05 12:13:00,901000,763000,560900,435000
2026-01-05 09:55:16,895000,763000,560900,435000
2026-01-03 08:34:26,880000,752000,552800,428700
2026-01-02 17:19:15,893000,753000,553500,429300
2026-01-02 09:43:25,883000,753000,553500,429300
2026-01-01 08:19:43,879000,750000,551300,427500
2026-01-01 08:17:34,879000,752000,552800,428700
2025-12-31 16:41:05,883000,750000,551300,427500
2025-12-31 15:06:19,874000,750000,551300,427500
2025-12-31 11:13:33,889000,765000,562300,436100
2025-12-31 10:22:53,886000,760000,558600,433200
2025-12-31 10:22:14,886000,762000,560100,434400
2025-12-31 09:44:47,883000,760000,558600,433200
2025-12-30 15:34:53,887000,763000,560900,435000
2025-12-30 12:48:37,883000,758000,557200,432100
2025-12-30 12:44:18,883000,757000,556400,431500
2025-12-30 10:56:20,881000,750000,551300,427500
2025-12-30 09:45:04,876000,750000,551300,427500
2025-12-29 16:08:25,911000,770000,566000,438900
2025-12-29 12:37:19,911000,775000,569700,441800
2025-12-29 09:40:12,908000,770000,566000,438900
2025-12-27 08:04:55,920000,778000,571900,443500
2025-12-26 16:20:33,918000,773000,568200,440700
2025-12-26 15:53:35,918000,768000,564500,437800
2025-12-26 13:09:48,908000,768000,564500,437800
2025-12-26 13:09:48,908000,768000,564500,437800
2025-12-26 13:03:43,908000,780000,573300,444600
2025-12-26 13:03:24,908000,770000,566000,438900
2025-12-26 13:02:35,908000,769000,565300,438400
2025-12-26 11:08:23,913000,772000,567500,440100
2025-12-26 10:30:50,922000,777000,571100,442900
2025-12-26 09:43:33,922000,780000,573300,444600
2025-12-26 09:43:07,921000,779000,572600,444100
2025-12-25 08:08:20,913000,776000,570400,442400
2025-12-24 14:56:01,929000,779000,572600,444100
2025-12-24 10:13:52,929000,782000,574800,445800
2025-12-24 09:41:24,931000,786000,577800,448100
2025-12-24 09:40:15,932000,786000,577800,448100
2025-12-24 09:39:34,932000,786000,577800,448100
2025-12-23 10:40:12,936000,787000,578500,448600
2025-12-23 09:39:33,932000,778000,571900,443500
2025-12-22 17:16:10,919000,766000,563100,436700
2025-12-22 13:39:56,914000,766000,563100,436700
2025-12-22 12:15:35,914000,765000,562300,436100
2025-12-22 11:02:05,911000,763000,560900,435000
2025-12-22 09:41:39,907000,763000,560900,435000
2025-12-20 08:45:19,901000,761000,559400,433800
2025-12-19 09:50:28,900000,761000,559400,433800
2025-12-19 09:49:23,900000,761000,559400,433800
2025-12-18 09:42:28,902000,762000,560100,434400
2025-12-17 11:17:38,901000,762000,560100,434400
2025-12-17 11:15:40,900000,758000,557200,432100
2025-12-17 09:42:48,896000,758000,557200,432100
2025-12-17 09:38:47,896000,757000,556400,431500
2025-12-16 15:27:10,891000,755000,555000,430400
2025-12-16 12:42:23,889000,755000,555000,430400
2025-12-16 09:39:54,892000,757000,556400,431500
2025-12-15 12:39:40,899000,759000,557900,432700
2025-12-15 10:24:06,897000,759000,557900,432700
2025-12-15 09:42:06,894000,756000,555700,431000
2025-12-13 08:40:09,893000,755000,555000,430400
2025-12-12 15:33:20,888000,750000,551300,427500
2025-12-12 09:25:29,886000,750000,551300,427500
2025-12-11 12:15:20,873000,743000,546200,423600
2025-12-11 10:51:15,876000,743000,546200,423600
2025-12-11 09:23:06,875000,743000,546200,423600
2025-12-10 12:21:50,872000,740000,543900,421800
2025-12-10 09:35:47,870000,740000,543900,421800
2025-12-10 09:34:33,870000,739000,543200,421300
2025-12-09 09:35:40,868000,738000,542500,420700
2025-12-09 09:35:01,868000,739000,543200,421300
2025-12-09 09:29:41,868000,739000,543200,421300
2025-12-09 09:28:25,868000,738000,542500,420700
2025-12-09 09:27:39,868000,739000,543200,421300
2025-12-08 09:47:54,871000,740000,543900,421800
2025-12-08 09:42:08,872000,741000,544700,422400
2025-12-08 09:23:38,870000,740000,543900,421800
2025-12-06 08:36:29,871000,738000,542500,420700
2025-12-05 15:22:06,874000,738000,542500,420700
2025-12-05 09:40:43,872000,738000,542500,420700
2025-12-04 09:34:32,870000,738000,542500,420700
2025-12-03 15:49:54,874000,738000,542500,420700
2025-12-03 12:27:27,874000,740000,543900,421800
2025-12-03 09:39:31,869000,738000,542500,420700
2025-12-02 10:19:30,872000,740000,543900,421800
2025-12-02 09:48:47,876000,744000,546900,424100
2025-12-01 12:50:54,878000,745000,547600,424700
2025-12-01 11:10:04,878000,740000,543900,421800
2025-12-01 11:07:25,878000,740000,543900,421800
2025-12-01 10:00:32,874000,740000,543900,421800
2025-12-01 09:51:23,873000,739000,543200,421300
2025-11-29 08:44:01,874000,741000,544700,422400
2025-11-28 09:45:05,862000,733000,538800,417900
2025-11-28 09:20:37,858000,732000,538100,417300
2025-11-27 12:21:05,856000,731000,537300,416700
2025-11-27 12:14:31,860000,731000,537300,416700
2025-11-27 09:30:33,860000,735000,540300,419000
2025-11-26 17:01:37,861000,732000,538100,417300
2025-11-26 09:39:25,850000,726000,533700,413900
2025-11-25 09:28:36,859000,733000,538800,417900
2025-11-24 09:34:56,842000,725000,532900,413300
2025-11-22 08:38:47,841000,725000,532900,413300
2025-11-21 15:41:23,838000,724000,532200,412700
2025-11-21 09:44:39,846000,727000,534400,414400
2025-11-21 09:43:41,846000,728000,535100,415000
2025-11-20 12:12:35,844000,727000,534400,414400
2025-11-20 12:11:00,844000,727000,534400,414400
2025-11-20 11:35:11,839000,727000,534400,414400
2025-11-20 09:41:01,849000,728000,535100,415000
2025-11-19 14:34:20,845000,725000,532900,413300
2025-11-19 09:26:06,840000,725000,532900,413300
2025-11-18 14:01:04,828000,720000,529200,410400
2025-11-18 09:35:13,833000,727000,534400,414400
2025-11-18 09:24:32,832000,727000,534400,414400
2025-11-17 11:45:50,841000,730000,536600,416100
2025-11-17 09:29:11,839000,730000,536600,416100
2025-11-15 08:41:53,833000,720000,529200,410400
2025-11-14 11:30:25,864000,740000,543900,421800
2025-11-14 11:02:05,862000,740000,543900,421800
2025-11-14 09:44:55,860000,740000,543900,421800
2025-11-14 09:44:05,860000,740000,543900,421800
2025-11-13 17:39:15,874000,740000,543900,421800
2025-11-13 10:07:20,870000,740000,543900,421800
2025-11-13 10:05:37,871000,747000,549100,425800
2025-11-13 10:03:45,880000,747000,549100,425800
2025-11-12 15:43:17,859000,730000,536600,416100
2025-11-12 15:41:05,859000,730000,536600,416100
2025-11-12 15:41:00,859000,730000,536600,416100
2025-11-12 15:40:55,859000,730000,536600,416100
2025-11-12 15:40:50,859000,730000,536600,416100
2025-11-12 15:40:45,859000,730000,536600,416100
2025-11-12 15:40:40,859000,730000,536600,416100
2025-11-12 15:40:35,859000,730000,536600,416100
2025-11-12 15:40:30,859000,730000,536600,416100
2025-11-12 15:40:25,859000,730000,536600,416100
2025-11-12 15:40:20,859000,730000,536600,416100
2025-11-12 14:47:58,857000,730000,536600,416100
2025-11-12 14:47:55,857000,733000,538800,417900
2025-11-12 14:47:50,857000,733000,538800,417900
2025-11-12 14:47:45,857000,733000,538800,417900
2025-11-12 14:47:40,857000,733000,538800,417900
2025-11-12 14:47:35,857000,733000,538800,417900
2025-11-12 14:47:30,857000,733000,538800,417900
2025-11-12 14:47:25,857000,733000,538800,417900
2025-11-12 14:47:20,857000,733000,538800,417900
2025-11-12 14:47:15,857000,733000,538800,417900
2025-11-12 14:47:10,857000,733000,538800,417900
2025-11-12 14:47:05,857000,733000,538800,417900
2025-11-12 14:47:00,857000,733000,538800,417900
2025-11-12 14:46:55,857000,733000,538800,417900
2025-11-12 14:46:50,857000,733000,538800,417900
2025-11-12 14:46:45,857000,733000,538800,417900
2025-11-12 14:46:40,857000,733000,538800,417900
2025-11-12 14:46:35,857000,733000,538800,417900
2025-11-12 14:46:30,857000,733000,538800,417900
2025-11-12 14:46:25,857000,733000,538800,417900
2025-11-12 14:46:20,857000,733000,538800,417900
2025-11-12 14:46:15,857000,733000,538800,417900
2025-11-12 14:46:10,857000,733000,538800,417900
2025-11-12 14:46:05,857000,733000,538800,417900
2025-11-12 14:46:00,857000,733000,538800,417900
2025-11-12 14:45:55,857000,733000,538800,417900
2025-11-12 14:45:50,857000,733000,538800,417900
2025-11-12 14:45:45,857000,733000,538800,417900
2025-11-12 14:45:40,857000,733000,538800,417900
2025-11-12 14:45:35,857000,733000,538800,417900
2025-11-12 14:45:30,857000,733000,538800,417900
2025-11-12 14:45:25,857000,733000,538800,417900
2025-11-12 14:45:20,857000,733000,538800,417900
2025-11-12 14:45:15,857000,733000,538800,417900
2025-11-12 14:45:10,857000,733000,538800,417900
2025-11-12 14:45:05,857000,733000,538800,417900
2025-11-12 14:45:00,857000,733000,538800,417900
2025-11-12 14:44:55,857000,733000,538800,417900
2025-11-12 14:44:35,857000,733000,538800,417900
2025-11-12 14:44:30,857000,733000,538800,417900
2025-11-12 14:44:25,857000,733000,538800,417900
2025-11-12 14:44:20,857000,733000,538800,417900
2025-11-12 09:31:43,862000,733000,538800,417900
2025-11-11 12:10:00,863000,720000,529200,410400
2025-11-11 10:24:10,860000,720000,529200,410400
2025-11-11 09:50:07,858000,720000,529200,410400
2025-11-11 09:49:47,853000,720000,529200,410400
2025-11-11 09:48:07,853000,720000,529200,410400
2025-11-10 16:10:15,838000,715000,525600,407600
2025-11-10 15:06:15,836000,715000,525600,407600
2025-11-10 12:17:15,833000,715000,525600,407600
2025-11-10 11:11:25,831000,715000,525600,407600
2025-11-10 09:56:03,828000,715000,525600,407600
2025-11-10 09:54:30,828000,715000,525600,407600
2025-11-08 08:27:11,824000,713000,524100,406500
2025-11-07 11:16:40,823000,710000,521900,404700
2025-11-07 09:31:32,819000,710000,521900,404700
2025-11-07 09:29:42,819000,715000,525600,407600
2025-11-06 16:36:05,821000,710000,521900,404700
2025-11-06 12:38:05,816000,710000,521900,404700
2025-11-06 09:31:07,812000,710000,521900,404700
2025-11-05 14:13:45,813000,707000,519700,403000
2025-11-05 12:37:50,809000,707000,519700,403000
2025-11-05 11:18:45,807000,707000,519700,403000
2025-11-05 09:38:17,805000,707000,519700,403000
2025-11-04 12:33:15,817000,710000,521900,404700
2025-11-04 09:41:09,811000,710000,521900,404700
2025-11-04 09:40:46,811000,710000,521900,404700
2025-11-03 10:31:09,813000,700000,514500,399000
2025-11-03 10:31:01,813000,700000,514500,399000
2025-11-01 08:38:47,815000,700000,514500,399000
2025-10-31 09:54:23,818000,700000,514500,399000
2025-10-31 09:50:41,818000,701000,515300,399600
2025-10-30 17:26:30,806000,687000,505000,391600
2025-10-30 13:56:55,804000,687000,505000,391600
2025-10-30 13:36:45,793000,687000,505000,391600
2025-10-30 12:15:10,793000,677000,497600,385900
2025-10-30 12:15:00,793000,680000,499800,387600
2025-10-30 11:37:45,799000,680000,499800,387600
2025-10-30 11:37:35,801000,680000,499800,387600
2025-10-30 09:41:49,801000,690000,507200,393300
2025-10-29 17:20:45,821000,690000,507200,393300
2025-10-29 16:33:45,817000,690000,507200,393300
2025-10-29 16:33:30,817000,673000,494700,383700
2025-10-29 09:33:43,813000,673000,494700,383700
2025-10-28 16:04:40,821000,676000,496900,385400
2025-10-28 14:46:00,821000,685000,503500,390500
2025-10-28 11:25:00,821000,690000,507200,393300
2025-10-28 09:40:43,821000,705000,518200,401900
2025-10-27 09:38:28,846000,720000,529200,410400
2025-10-25 09:33:17,860000,730000,536600,416100
2025-10-24 09:35:10,860000,732000,538100,417300
2025-10-23 15:17:20,865000,732000,538100,417300
2025-10-23 12:37:30,857000,732000,538100,417300
2025-10-23 10:46:25,852000,732000,538100,417300
2025-10-23 09:46:23,852000,730000,536600,416100
2025-10-22 15:40:15,868000,735000,540300,419000
2025-10-22 15:38:45,868000,725000,532900,413300
2025-10-22 13:05:06,863000,725000,532900,413300
2025-10-22 13:04:12,873000,725000,532900,413300
2025-10-22 13:03:32,873000,724000,532200,412700
2025-10-22 13:02:25,874000,720000,529200,410400
2025-10-22 10:03:29,863000,720000,529200,410400
2025-10-22 10:00:31,861000,773000,568200,440700
2025-10-22 09:59:22,859000,773000,568200,440700
2025-10-22 09:54:02,860000,773000,568200,440700
2025-10-21 09:43:26,907000,773000,568200,440700
2025-10-21 09:42:27,908000,773000,568200,440700
2025-10-21 09:40:34,906000,773000,568200,440700
2025-10-21 09:39:58,905000,773000,568200,440700
2025-10-21 09:39:23,920000,773000,568200,440700
2025-10-21 09:19:12,920000,773000,568200,440700
2025-10-20 09:32:23,894000,770000,566000,438900
2025-10-18 13:29:21,904000,788000,579200,449200
2025-10-18 13:26:53,904000,788000,579200,449200
2025-10-18 13:25:38,904000,788000,579200,449200
2025-10-18 10:53:33,904000,788000,579200,449200
2025-10-18 10:14:01,907000,790000,580700,450300
2025-10-18 10:13:05,931000,790000,580700,450300
2025-10-17 13:15:20,907000,790000,580700,450300
2025-10-17 09:36:03,903000,790000,580700,450300
2025-10-17 08:31:41,903000,790000,580700,450300
2025-10-16 12:19:25,863000,770000,566000,438900
2025-10-16 09:46:48,860000,770000,566000,438900
2025-10-16 09:45:02,856000,770000,566000,438900
2025-10-16 09:43:40,856000,770000,566000,438900
2025-10-15 17:10:10,855000,765000,562300,436100
2025-10-15 17:09:55,855000,760000,558600,433200
2025-10-15 16:04:40,852000,760000,558600,433200
2025-10-15 11:09:55,852000,750000,551300,427500
2025-10-15 11:09:45,852000,740000,543900,421800
2025-10-15 09:24:13,849000,740000,543900,421800
2025-10-14 17:23:35,847000,735000,540300,419000
2025-10-14 16:20:40,843000,735000,540300,419000
2025-10-14 13:20:10,851000,735000,540300,419000
2025-10-14 10:39:00,844000,735000,540300,419000
2025-10-14 09:37:37,842000,735000,540300,419000
2025-10-14 09:17:51,840000,735000,540300,419000
2025-10-13 17:27:35,831000,720000,529200,410400
2025-10-13 17:18:10,831000,710000,521900,404700
2025-10-13 12:51:45,828000,710000,521900,404700
2025-10-13 11:21:05,825000,710000,521900,404700
2025-10-13 09:22:50,822000,710000,521900,404700
2025-10-11 08:38:50,819000,708000,520400,403600
2025-10-10 18:44:00,813000,705000,518200,401900
2025-10-10 11:25:05,808000,705000,518200,401900
2025-10-10 09:38:43,810000,705000,518200,401900
2025-10-10 09:33:02,810000,705000,518200,401900
2025-10-09 15:17:20,819000,708000,520400,403600
2025-10-09 09:37:24,817000,708000,520400,403600
2025-10-08 15:48:50,819000,705000,518200,401900
2025-10-08 14:14:15,817000,705000,518200,401900
2025-10-08 11:36:10,812000,705000,518200,401900
2025-10-08 10:18:17,807000,705000,518200,401900
2025-10-08 10:15:45,808000,706000,519000,402500
2025-10-07 09:49:58,799000,704000,517500,401300
2025-10-07 09:41:37,800000,705000,518200,401900
2025-10-06 18:31:20,797000,694000,510100,395600
2025-10-06 09:42:57,786000,694000,510100,395600
2025-10-06 09:42:54,786000,694000,510100,395600
2025-10-04 08:52:39,782000,692000,508700,394500
2025-10-03 09:36:08,775000,687000,505000,391600
2025-10-02 09:37:41,774000,685000,503500,390500
2025-10-01 09:37:38,777000,685000,503500,390500
2025-10-01 09:36:01,777000,685000,503500,390500
2025-09-30 17:06:45,773000,685000,503500,390500
2025-09-30 17:06:10,773000,684000,502800,389900
2025-09-30 16:14:30,773000,697000,512300,397300
2025-09-30 16:05:05,773000,697000,512300,397300
2025-09-30 14:10:55,776000,697000,512300,397300
2025-09-30 12:33:25,773000,690000,507200,393300
2025-09-30 09:45:29,769000,690000,507200,393300
2025-09-30 09:43:27,767000,690000,507200,393300
2025-09-29 14:37:26,759000,680000,499800,387600
2025-09-29 09:40:49,756000,670000,492500,381900
2025-09-27 08:55:02,754000,668000,491000,380800
2025-09-26 09:40:00,751000,668000,491000,380800
2025-09-25 15:01:08,747000,665000,488800,379100
2025-09-25 11:26:05,747000,670000,492500,381900
2025-09-25 09:45:09,747000,680000,499800,387600
2025-09-24 14:47:18,750000,670000,492500,381900
2025-09-24 09:33:35,740000,670000,492500,381900
2025-09-23 17:25:19,739000,655000,481500,373400
2025-09-23 09:50:01,737000,655000,481500,373400
2025-09-22 15:48:26,729000,645000,474100,367700
2025-09-22 09:27:11,726000,638000,469000,363700
2025-09-20 09:13:44,725000,637000,468200,363100
2025-09-19 12:23:04,716000,635000,466800,362000
2025-09-19 09:50:50,713000,625000,459400,356300
2025-09-18 14:27:05,713000,630000,463100,359100
2025-09-18 12:53:43,713000,620000,455700,353400
2025-09-18 09:45:16,713000,612000,449900,348900
2025-09-17 17:32:28,709000,626000,460200,356900
2025-09-17 17:02:16,710000,627000,460900,357400
2025-09-17 14:00:16,712000,628000,461600,358000
2025-09-17 09:49:24,714000,630000,463100,359100
2025-09-16 16:42:32,713000,630000,463100,359100
2025-09-16 14:42:59,712000,628000,461600,358000
2025-09-16 13:15:03,713000,622000,457200,354600
2025-09-16 13:00:15,713000,622000,457200,354600
2025-09-16 09:53:44,715000,624000,458700,355700
2025-09-15 13:45:41,709000,619000,455000,352900
2025-09-15 09:54:04,709000,615000,452100,350600
2025-09-13 08:45:02,711000,605000,444700,344900
2025-09-12 10:50:09,709000,605000,444700,344900
2025-09-12 09:38:12,707000,605000,444700,344900
2025-09-11 09:47:48,709000,605000,444700,344900
2025-09-10 16:12:18,707000,600000,441000,342000
2025-09-10 13:42:23,706000,600000,441000,342000
2025-09-10 09:46:25,704000,600000,441000,342000
2025-09-09 11:26:39,707000,600000,441000,342000
2025-09-09 09:47:52,705000,600000,441000,342000
2025-09-09 09:44:50,703000,600000,441000,342000
2025-09-08 16:29:20,700000,589000,433000,335800
2025-09-08 09:50:06,698000,589000,433000,335800
2025-09-08 09:49:29,698000,585000,430000,333500
2025-09-06 07:47:13,696000,585000,430000,333500
2025-09-05 09:42:12,693000,583000,428600,332400
2025-09-04 12:01:54,690000,580000,426300,330600
2025-09-04 12:00:27,690000,581000,427100,331200
2025-09-04 09:53:54,695000,583000,428600,332400
2025-09-03 09:36:56,694000,580000,426300,330600
2025-09-02 09:39:23,683000,574000,421900,327200
2025-09-01 12:07:48,681000,572000,420500,326100
2025-09-01 11:21:28,677000,569000,418300,324400
2025-09-01 11:12:51,677000,566000,416100,322700
2025-09-01 09:42:08,673000,566000,416100,322700
2025-08-30 08:27:35,672000,563000,413900,321000
2025-08-29 16:29:48,664000,560000,411600,319200
2025-08-29 09:44:20,663000,560000,411600,319200
2025-08-28 14:15:33,657000,557000,409400,317500
2025-08-28 13:54:28,659000,557000,409400,317500
2025-08-28 09:41:33,659000,558000,410200,318100
2025-08-27 13:44:03,661000,558000,410200,318100
2025-08-27 09:45:45,661000,560000,411600,319200
2025-08-26 16:01:35,659000,556000,408700,317000
2025-08-26 14:12:34,657000,556000,408700,317000
2025-08-26 09:41:03,655000,555000,408000,316400
2025-08-25 09:39:00,652000,552000,405800,314700
2025-08-23 08:39:27,652000,551000,405000,314100
2025-08-22 12:12:08,652000,550000,404300,313500
2025-08-22 09:35:57,652000,552000,405800,314700
2025-08-21 10:07:25,653000,552000,405800,314700
2025-08-20 12:27:54,648000,550000,404300,313500
2025-08-20 09:35:01,646000,550000,404300,313500
2025-08-19 09:42:58,647000,550000,404300,313500
2025-08-18 14:00:19,649000,551000,405000,314100
2025-08-18 09:43:41,647000,550000,404300,313500
2025-08-16 09:01:15,648000,548000,402800,312400
2025-08-15 09:35:47,648000,548000,402800,312400
2025-08-14 12:03:40,651000,551000,405000,314100
2025-08-14 11:28:39,651000,550000,404300,313500
2025-08-14 09:44:15,649000,550000,404300,313500
2025-08-13 09:42:14,647000,548000,402800,312400
2025-08-12 12:26:25,650000,551000,405000,314100
2025-08-12 10:30:54,652000,552000,405800,314700
2025-08-12 09:42:34,652000,553000,406500,315300
2025-08-11 11:48:38,654000,553000,406500,315300
2025-08-11 09:37:18,657000,553000,406500,315300
2025-08-09 08:40:48,659000,553000,406500,315300
2025-08-08 17:07:33,660000,553000,406500,315300
2025-08-08 12:32:52,657000,553000,406500,315300
2025-08-08 09:46:01,655000,553000,406500,315300
2025-08-07 09:44:16,654000,550000,404300,313500
2025-08-06 09:59:20,656000,550000,404300,313500
2025-08-05 17:28:40,655000,549000,403600,313000
2025-08-05 09:44:00,653000,549000,403600,313000
2025-08-04 09:44:30,650000,548000,402800,312400
2025-08-02 08:13:56,652000,548000,402800,312400
2025-08-01 11:59:23,644000,545000,400600,310700
2025-08-01 09:42:58,642000,544000,399900,310100
2025-07-31 17:13:16,643000,545000,400600,310700
2025-07-31 11:33:43,641000,545000,400600,310700
2025-07-31 09:44:27,638000,545000,400600,310700
2025-07-30 09:55:07,643000,545000,400600,310700
2025-07-30 09:45:02,641000,545000,400600,310700
2025-07-29 09:46:10,643000,546000,401400,311300
2025-07-28 11:33:40,643000,547000,402100,311800
2025-07-28 09:47:25,642000,547000,402100,311800
2025-07-26 08:28:17,645000,547000,402100,311800
2025-07-25 09:37:11,646000,548000,402800,312400
2025-07-24 14:47:49,646000,546000,401400,311300
2025-07-24 11:21:26,646000,548000,402800,312400
2025-07-24 09:45:32,650000,550000,404300,313500
2025-07-23 09:54:26,661000,554000,407200,315800
2025-07-22 09:45:28,657000,553000,406500,315300
2025-07-21 14:16:24,653000,550000,404300,313500
2025-07-21 09:47:00,652000,550000,404300,313500
2025-07-19 08:31:25,651000,549000,403600,313000
2025-07-18 16:37:26,651000,547000,402100,311800
2025-07-18 09:44:45,648000,547000,402100,311800
2025-07-17 09:49:16,649000,547000,402100,311800
2025-07-16 11:57:23,646000,547000,402100,311800
2025-07-16 09:45:39,646000,548000,402800,312400
2025-07-15 14:38:42,649000,549000,403600,313000
2025-07-15 14:37:02,649000,549000,403600,313000
2025-07-15 10:46:40,647000,549000,403600,313000
2025-07-15 09:56:22,647000,549000,403600,313000
2025-07-14 09:56:35,648000,549000,403600,313000
2025-07-12 08:13:25,646000,546000,401400,311300
2025-07-11 09:49:54,640000,543000,399200,309600
2025-07-10 09:42:56,636000,542000,398400,309000
2025-07-09 12:02:51,634000,540000,396900,307800
2025-07-09 09:45:17,634000,541000,397700,308400
2025-07-08 09:40:50,638000,541000,397700,308400
2025-07-07 09:43:53,634000,541000,397700,308400
2025-07-05 08:40:50,635000,542000,398400,309000
2025-07-04 09:45:01,636000,542000,398400,309000
2025-07-03 15:15:14,638000,542000,398400,309000
2025-07-03 12:39:12,636000,541000,397700,308400
2025-07-03 09:43:35,633000,541000,397700,308400
2025-07-02 09:43:00,633000,542000,398400,309000
2025-07-01 17:00:30,631000,542000,398400,309000
2025-07-01 11:02:09,627000,542000,398400,309000
2025-07-01 10:32:40,624000,540000,396900,307800
2025-07-01 10:02:45,624000,540000,396900,307800
2025-06-30 11:11:11,621000,535000,393300,305000
2025-06-30 09:49:10,618000,535000,393300,305000
2025-06-29 11:48:54,624000,535000,393300,305000
2025-06-28 08:37:32,624000,535000,393300,305000
2025-06-27 14:09:09,624000,535000,393300,305000
2025-06-27 13:19:33,628000,535000,393300,305000
2025-06-27 12:18:20,628000,538000,395500,306700
2025-06-27 12:18:02,628000,538000,395500,306700
2025-06-27 12:10:28,628000,538000,395500,306700
2025-06-27 09:57:24,628000,541000,397700,308400
2025-06-26 10:22:51,633000,544000,399900,310100
2025-06-25 16:54:03,634000,544000,399900,310100
2025-06-25 10:54:51,633000,540000,396900,307800
2025-06-25 09:46:31,631000,538000,395500,306700
2025-06-24 17:03:47,633000,540000,396900,307800
2025-06-24 15:29:06,631000,540000,396900,307800
2025-06-24 14:46:17,639000,542000,398400,309000
2025-06-24 09:45:24,639000,545000,400600,310700
2025-06-23 09:50:21,649000,550000,404300,313500
2025-06-23 09:49:45,649000,546000,401400,311300
2025-06-21 08:25:03,646000,546000,401400,311300
2025-06-20 13:52:59,642000,543000,399200,309600
2025-06-20 12:18:50,644000,543000,399200,309600
2025-06-20 09:44:08,644000,548000,402800,312400
2025-06-19 15:17:55,652000,548000,402800,312400
2025-06-19 10:26:45,652000,551000,405000,314100
2025-06-19 09:44:09,650000,551000,405000,314100
2025-06-18 11:37:49,651000,549000,403600,313000
2025-06-18 09:44:48,651000,552000,405800,314700
2025-06-17 12:25:50,646000,549000,403600,313000
2025-06-17 10:00:40,646000,550000,404300,313500
2025-06-17 09:41:09,646000,552000,405800,314700
2025-06-16 15:05:03,650000,552000,405800,314700
2025-06-16 09:43:48,657000,553000,406500,315300
2025-06-14 08:45:43,655000,551000,405000,314100
2025-06-13 13:40:28,657000,551000,405000,314100
2025-06-13 11:59:11,655000,551000,405000,314100
2025-06-13 11:32:57,655000,547000,402100,311800
2025-06-13 10:03:19,651000,547000,402100,311800
2025-06-13 09:56:21,651000,554000,407200,315800
2025-06-13 09:47:15,651000,547000,402100,311800
2025-06-13 09:45:32,650000,547000,402100,311800
2025-06-12 16:50:35,635000,541000,397700,308400
2025-06-12 12:25:28,644000,544000,399900,310100
2025-06-12 10:51:57,644000,545000,400600,310700
2025-06-12 09:47:12,644000,544000,399900,310100
2025-06-11 11:18:02,639000,542000,398400,309000
2025-06-11 09:46:51,635000,539000,396200,307300
2025-06-10 15:27:48,633000,538000,395500,306700
2025-06-10 14:15:37,630000,537000,394700,306100
2025-06-10 09:43:22,628000,537000,394700,306100
2025-06-09 13:43:17,629000,533000,391800,303900
2025-06-09 11:10:01,629000,531000,390300,302700
2025-06-09 09:42:51,629000,534000,392500,304400
2025-06-07 09:00:49,629000,534000,392500,304400
2025-06-06 14:09:54,640000,540000,396900,307800
2025-06-06 09:45:33,637000,540000,396900,307800
2025-06-05 11:52:53,642000,542000,398400,309000
2025-06-05 09:43:05,642000,544000,399900,310100
2025-06-04 15:51:17,646000,544000,399900,310100
2025-06-04 11:09:10,646000,546000,401400,311300
2025-06-04 09:43:55,644000,546000,401400,311300
2025-06-03 09:45:00,650000,546000,401400,311300
2025-06-02 16:17:23,644000,540000,396900,307800
2025-06-02 15:31:48,641000,540000,396900,307800
2025-06-02 09:44:32,637000,540000,396900,307800
2025-05-31 08:13:54,636000,539000,396200,307300
2025-05-30 09:46:26,636000,539000,396200,307300
2025-05-29 09:48:23,630000,535000,393300,305000
2025-05-28 09:43:53,634000,539000,396200,307300
2025-05-27 14:57:17,640000,540000,396900,307800
2025-05-27 09:45:12,640000,544000,399900,310100
2025-05-26 09:41:34,638000,541000,397700,308400
2025-05-24 08:44:07,641000,543000,399200,309600
2025-05-23 15:18:41,639000,540000,396900,307800
2025-05-23 09:58:11,637000,540000,396900,307800
2025-05-23 09:43:08,637000,543000,399200,309600
2025-05-22 10:47:25,643000,545000,400600,310700
2025-05-22 09:51:11,640000,545000,400600,310700
2025-05-21 15:39:48,643000,543000,399200,309600
2025-05-21 09:44:59,641000,541000,397700,308400
2025-05-20 16:02:26,627000,535000,393300,305000
2025-05-20 09:48:30,627000,536000,394000,305600
2025-05-19 09:43:21,635000,537000,394700,306100
2025-05-17 08:22:33,626000,534000,392500,304400
2025-05-16 09:45:02,632000,535000,393300,305000
2025-05-15 12:01:41,619000,523000,384500,298200
2025-05-15 11:32:40,619000,527000,387400,300400
2025-05-15 10:52:09,624000,531000,390300,302700
2025-05-15 09:57:54,624000,534000,392500,304400
2025-05-15 09:37:11,624000,536000,394000,305600
